state,N,total,pct,total_emp,all_emp_tot,pct_emp,injury_rate_per_100k,industry_name
ALABAMA,37,1987,1.86210367388022,2149417,62356336,3.44699053517192,1.72139701137564,Utilities
ALABAMA,154,1987,7.75037745344741,7365475,62356336,11.8119111424379,2.09083596102084,Transportation & Warehousing
ALABAMA,26,1987,1.30850528434826,17102578,62356336,27.4271695501801,0.152023864472362,Accomodation & Food Services
ALABAMA,368,1987,18.52038248616,8644325,62356336,13.8627853310688,4.25712823152762,Construction
ALABAMA,30,1987,1.50981378963261,1155087,62356336,1.85239716458004,2.59720696363131,"Agriculture, Forestry, Fishing & Hunting"
ALABAMA,7,1987,0.352289884247609,568187,62356336,0.911193691688363,1.23198876426247,"Mining, Quarrying, & Oil and Gas Extraction"
ALABAMA,1365,1987,68.6965274282839,25371267,62356336,40.6875525848729,5.38010182936469,Manufacturing
ALASKA,4,26,15.3846153846154,2025703,9170178,22.0901164622977,0.197462313083409,Transportation & Warehousing
ALASKA,0,0,0,2799531,9170178,30.5286440459498,0,Accomodation & Food Services
ALASKA,1,26,3.84615384615385,1562462,9170178,17.038513320025,0.0640015565178545,Construction
ALASKA,0,0,0,224878,9170178,2.4522751902962,0,Utilities
ALASKA,5,26,19.2307692307692,128583,9170178,1.40218652244264,3.88853892038605,"Agriculture, Forestry, Fishing & Hunting"
ALASKA,3,26,11.5384615384615,1223171,9170178,13.3385742348731,0.245264153581143,"Mining, Quarrying, & Oil and Gas Extraction"
ALASKA,13,26,50,1205850,9170178,13.1496902241156,1.07807770452378,Manufacturing
ARIZONA,0,0,0,2167897,75077756,2.8875356903315,0,Utilities
ARIZONA,21,46,45.6521739130435,10866229,75077756,14.4733001876082,0.193259317468829,Transportation & Warehousing
ARIZONA,0,0,0,26353685,75077756,35.1018549355684,0,Accomodation & Food Services
ARIZONA,4,46,8.69565217391304,2335393,75077756,3.11063239556601,0.171277382436275,"Agriculture, Forestry, Fishing & Hunting"
ARIZONA,3,46,6.52173913043478,1180807,75077756,1.5727787601963,0.254063534514955,"Mining, Quarrying, & Oil and Gas Extraction"
ARIZONA,3,46,6.52173913043478,15625126,75077756,20.8119246398361,0.0191998451724485,Construction
ARIZONA,15,46,32.6086956521739,16548619,75077756,22.0419733908936,0.0906420046289059,Manufacturing
ARKANSAS,111,1298,8.55161787365177,5878768,38889887,15.1164440256666,1.88815071457149,Transportation & Warehousing
ARKANSAS,16,1298,1.2326656394453,10050896,38889887,25.8444978253601,0.159189787656742,Accomodation & Food Services
ARKANSAS,30,1298,2.31124807395994,1202683,38889887,3.09253405647592,2.49442288616369,"Agriculture, Forestry, Fishing & Hunting"
ARKANSAS,203,1298,15.6394453004623,5114850,38889887,13.1521338696613,3.96883584073824,Construction
ARKANSAS,23,1298,1.77195685670262,1091002,38889887,2.80536171267353,2.10815378890231,Utilities
ARKANSAS,10,1298,0.770416024653313,379207,38889887,0.975078688194697,2.63708212137434,"Mining, Quarrying, & Oil and Gas Extraction"
ARKANSAS,905,1298,69.7226502311248,15172481,38889887,39.0139498219679,5.96474630615784,Manufacturing
CALIFORNIA,39,232,16.8103448275862,124827379,480175297,25.9962100882503,0.0312431457845478,Manufacturing
CALIFORNIA,127,232,54.7413793103448,69958736,480175297,14.5694158856323,0.181535584062011,Transportation & Warehousing
CALIFORNIA,9,232,3.87931034482759,151561040,480175297,31.5636895414884,0.00593820153253105,Accomodation & Food Services
CALIFORNIA,40,232,17.2413793103448,81346573,480175297,16.9410158140643,0.0491723234610019,Construction
CALIFORNIA,14,232,6.03448275862069,40236477,480175297,8.3795391498451,0.034794298715566,"Agriculture, Forestry, Fishing & Hunting"
CALIFORNIA,1,232,0.431034482758621,10328626,480175297,2.15101152944151,0.00968182989683236,Utilities
CALIFORNIA,2,232,0.862068965517241,1916466,480175297,0.399117991278089,0.104358751994557,"Mining, Quarrying, & Oil and Gas Extraction"
COLORADO,489,1596,30.6390977443609,14108397,70953383,19.8840371008103,3.46602098027154,Manufacturing
COLORADO,172,1596,10.7769423558897,9056257,70953383,12.7636718886258,1.89923938775147,Transportation & Warehousing
COLORADO,88,1596,5.51378446115288,25717606,70953383,36.2457784430096,0.342178039433375,Accomodation & Food Services
COLORADO,637,1596,39.9122807017544,16553166,70953383,23.3296360231337,3.84820643978318,Construction
COLORADO,48,1596,3.00751879699248,1763017,70953383,2.48475396867264,2.72260562433601,"Agriculture, Forestry, Fishing & Hunting"
COLORADO,124,1596,7.76942355889724,2383955,70953383,3.35988912607592,5.20144046343157,"Mining, Quarrying, & Oil and Gas Extraction"
COLORADO,38,1596,2.38095238095238,1370985,70953383,1.93223344967216,2.77172981469527,Utilities
CONNECTICUT,266,490,54.2857142857143,15149364,39793287,38.0701498722636,1.75584928845858,Manufacturing
CONNECTICUT,73,490,14.8979591836735,5778722,39793287,14.5218513866422,1.26325509342723,Transportation & Warehousing
CONNECTICUT,6,490,1.22448979591837,461636,39793287,1.16008511686908,1.29972532471471,"Agriculture, Forestry, Fishing & Hunting"
CONNECTICUT,12,490,2.44897959183673,701552,39793287,1.7629908280761,1.71049330626953,Utilities
CONNECTICUT,111,490,22.6530612244898,6025992,39793287,15.1432376018598,1.84202036776683,Construction
CONNECTICUT,21,490,4.28571428571429,11626192,39793287,29.2164655812424,0.180626640261919,Accomodation & Food Services
CONNECTICUT,1,490,0.204081632653061,49829,39793287,0.125219613046794,2.00686347307793,"Mining, Quarrying, & Oil and Gas Extraction"
DELAWARE,35,219,15.9817351598174,1651357,10270229,16.0790669808823,2.11946901851023,Transportation & Warehousing
DELAWARE,5,219,2.28310502283105,3806235,10270229,37.0608581366589,0.131363407671886,Accomodation & Food Services
DELAWARE,78,219,35.6164383561644,2277607,10270229,22.1767888525173,3.42464700890013,Construction
DELAWARE,3,219,1.36986301369863,202180,10270229,1.96860264751643,1.48382629340192,Utilities
DELAWARE,5,219,2.28310502283105,56043,10270229,0.545684034893477,8.92172082151205,"Agriculture, Forestry, Fishing & Hunting"
DELAWARE,1,219,0.45662100456621,2588,10270229,0.0251990486288086,38.6398763523957,"Mining, Quarrying, & Oil and Gas Extraction"
DELAWARE,92,219,42.0091324200913,2274219,10270229,22.1438002989028,4.04534479748872,Manufacturing
FLORIDA,190,4867,3.90384220258886,6753562,221676023,3.04659110561542,2.81333021004323,"Agriculture, Forestry, Fishing & Hunting"
FLORIDA,2429,4867,49.9075405794124,51165284,221676023,23.0811087764778,4.74735955731234,Construction
FLORIDA,624,4867,12.8210396548182,32941951,221676023,14.8604032832184,1.89424117594007,Transportation & Warehousing
FLORIDA,286,4867,5.87630984179166,91787463,221676023,41.4061303328236,0.311589394294513,Accomodation & Food Services
FLORIDA,85,4867,1.74645572221081,2782657,221676023,1.25528100077833,3.05463447345469,Utilities
FLORIDA,16,4867,0.328744606533799,384396,221676023,0.173404410092651,4.16237421825409,"Mining, Quarrying, & Oil and Gas Extraction"
FLORIDA,1237,4867,25.4160673926443,35860710,221676023,16.1770810909938,3.44945763762067,Manufacturing
GEORGIA,99,3153,3.13986679352997,2333089,123698875,1.88610365292328,4.24330147714039,"Agriculture, Forestry, Fishing & Hunting"
GEORGIA,630,3153,19.9809705042816,18476733,123698875,14.9368642196625,3.40969369422614,Construction
GEORGIA,1800,3153,57.0884871550904,37859156,123698875,30.6059016300674,4.75446415128747,Manufacturing
GEORGIA,463,3153,14.6844275293371,22890930,123698875,18.5053663584248,2.02263516598059,Transportation & Warehousing
GEORGIA,97,3153,3.07643514113543,39748628,123698875,32.1333787392974,0.244033580228228,Accomodation & Food Services
GEORGIA,57,3153,1.80780209324453,1889118,123698875,1.52719093039448,3.01728108037719,Utilities
GEORGIA,7,3153,0.222010783380907,501221,123698875,0.405194469230217,1.39658952837172,"Mining, Quarrying, & Oil and Gas Extraction"
HAWAII,13,45,28.8888888888889,1620602,18628945,8.6993761589827,0.802171045080779,Manufacturing
HAWAII,20,45,44.4444444444444,2938809,18628945,15.7754988272283,0.68054780014625,Transportation & Warehousing
HAWAII,2,45,4.44444444444444,9664425,18628945,51.8785416994897,0.0206944541449698,Accomodation & Food Services
HAWAII,0,0,0,356522,18628945,1.91380671315525,0,Utilities
HAWAII,10,45,22.2222222222222,3566956,18628945,19.1473859630806,0.280351089276122,Construction
HAWAII,0,0,0,458615,18628945,2.4618409684499,0,"Agriculture, Forestry, Fishing & Hunting"
HAWAII,0,0,0,23016,18628945,0.123549669613604,0,"Mining, Quarrying, & Oil and Gas Extraction"
IDAHO,29,581,4.99139414802065,2392434,22890129,10.4518152781052,1.2121546508702,Transportation & Warehousing
IDAHO,17,581,2.92598967297762,6419861,22890129,28.0464168637931,0.264803241067057,Accomodation & Food Services
IDAHO,88,581,15.1462994836489,2336929,22890129,10.2093308430022,3.7656257421599,"Agriculture, Forestry, Fishing & Hunting"
IDAHO,10,581,1.72117039586919,352158,22890129,1.5384710151699,2.83963448224945,Utilities
IDAHO,142,581,24.4406196213425,4695857,22890129,20.5147686148907,3.0239421685967,Construction
IDAHO,0,0,0,233973,22890129,1.02215675586625,0,"Mining, Quarrying, & Oil and Gas Extraction"
IDAHO,295,581,50.7745266781411,6458917,22890129,28.2170406291725,4.56732916679375,Manufacturing
ILLINOIS,66,3244,2.03452527743527,2355197,158126629,1.48943730407356,2.80231335213148,Utilities
ILLINOIS,1964,3244,60.5425400739827,55170374,158126629,34.8899956629063,3.5598816132731,Manufacturing
ILLINOIS,508,3244,15.6596794081381,30056377,158126629,19.0077896367474,1.6901571337091,Transportation & Warehousing
ILLINOIS,91,3244,2.80517879161529,46601553,158126629,29.4710342557167,0.195272462271805,Accomodation & Food Services
ILLINOIS,552,3244,17.0160295930949,21431012,158126629,13.5530695465594,2.57570664418461,Construction
ILLINOIS,38,3244,1.17139334155364,1777102,158126629,1.12384739448281,2.13831282616305,"Agriculture, Forestry, Fishing & Hunting"
ILLINOIS,25,3244,0.770653514180025,735014,158126629,0.464826199513809,3.40129575763183,"Mining, Quarrying, & Oil and Gas Extraction"
INDIANA,24,25,96,14907695,107745323,13.8360483637884,0.160990682999619,Transportation & Warehousing
INDIANA,0,0,0,24996450,107745323,23.1995684861421,0,Accomodation & Food Services
INDIANA,0,0,0,1501065,107745323,1.39316023954005,0,Utilities
INDIANA,1,25,4,1485185,107745323,1.37842178077651,0.0673316792184139,"Agriculture, Forestry, Fishing & Hunting"
INDIANA,0,0,0,539806,107745323,0.501001792903809,0,"Mining, Quarrying, & Oil and Gas Extraction"
INDIANA,0,0,0,13603910,107745323,12.6259865590639,0,Construction
INDIANA,0,0,0,50711212,107745323,47.0658127777853,0,Manufacturing
IOWA,16,21,76.1904761904762,6632895,49463340,13.409719198097,0.241221970195518,Transportation & Warehousing
IOWA,3,21,14.2857142857143,7657033,49463340,15.4802182788303,0.0391796665888733,Construction
IOWA,0,0,0,605922,49463340,1.22499208504723,0,Utilities
IOWA,2,21,9.52380952380952,21035080,49463340,42.5266065736766,0.00950792675853859,Manufacturing
IOWA,0,0,0,11371904,49463340,22.9905703901111,0,Accomodation & Food Services
IOWA,0,0,0,1942189,49463340,3.92652214751369,0,"Agriculture, Forestry, Fishing & Hunting"
IOWA,0,0,0,218317,49463340,0.441371326723994,0,"Mining, Quarrying, & Oil and Gas Extraction"
KANSAS,127,1140,11.140350877193,5800992,40612505,14.283758167589,2.18928072991654,Transportation & Warehousing
KANSAS,6,1140,0.526315789473684,10463441,40612505,25.7640867018668,0.0573425128502182,Accomodation & Food Services
KANSAS,81,1140,7.10526315789474,1197640,40612505,2.94894392749228,6.76330115894593,"Agriculture, Forestry, Fishing & Hunting"
KANSAS,38,1140,3.33333333333333,800625,40612505,1.97137556523539,4.74629195940671,Utilities
KANSAS,213,1140,18.6842105263158,6061120,40612505,14.9242702463195,3.51420199567077,Construction
KANSAS,33,1140,2.89473684210526,641891,40612505,1.58052550562936,5.14105977494621,"Mining, Quarrying, & Oil and Gas Extraction"
KANSAS,642,1140,56.3157894736842,15646796,40612505,38.5270398858677,4.10307643814107,Manufacturing
KENTUCKY,0,0,0,831954,61673383,1.34896767378563,0,"Agriculture, Forestry, Fishing & Hunting"
KENTUCKY,2,44,4.54545454545455,1207770,61673383,1.95833265705564,0.165594442650505,Utilities
KENTUCKY,16,44,36.3636363636364,11316338,61673383,18.3488199439295,0.141388495112111,Transportation & Warehousing
KENTUCKY,1,44,2.27272727272727,16150256,61673383,26.1867522331311,0.00619185231491067,Accomodation & Food Services
KENTUCKY,13,44,29.5454545454546,7560796,61673383,12.2594150543031,0.17193956826768,Construction
KENTUCKY,0,0,0,918573,61673383,1.48941562034954,0,"Mining, Quarrying, & Oil and Gas Extraction"
KENTUCKY,12,44,27.2727272727273,23687696,61673383,38.4082968174455,0.0506592114319603,Manufacturing
LOUISIANA,514,1259,40.8260524225576,12990844,58356844,22.2610461936564,3.95663284079156,Manufacturing
LOUISIANA,178,1259,14.1382049245433,7756006,58356844,13.290653620679,2.29499564595489,Transportation & Warehousing
LOUISIANA,20,1259,1.58856235107228,18645069,58356844,31.9500982609683,0.107266966939087,Accomodation & Food Services
LOUISIANA,29,1259,2.30341540905481,1267935,58356844,2.17272716118781,2.2871834912673,Utilities
LOUISIANA,362,1259,28.7529785544083,13600753,58356844,23.3061832473326,2.66161733839296,Construction
LOUISIANA,30,1259,2.38284352660842,867885,58356844,1.48720345466249,3.45667916832299,"Agriculture, Forestry, Fishing & Hunting"
LOUISIANA,126,1259,10.0079428117554,3228352,58356844,5.5320880615134,3.90292012766885,"Mining, Quarrying, & Oil and Gas Extraction"
MAINE,200,363,55.0964187327824,5547243,16771327,33.0757548284641,3.60539460773577,Manufacturing
MAINE,43,363,11.8457300275482,1980944,16771327,11.8114923166187,2.17068226057879,Transportation & Warehousing
MAINE,82,363,22.5895316804408,2936527,16771327,17.5092108096157,2.79241430438065,Construction
MAINE,19,363,5.23415977961433,698615,16771327,4.16553204168042,2.71966676925059,"Agriculture, Forestry, Fishing & Hunting"
MAINE,7,363,1.92837465564738,281609,16771327,1.67910982833976,2.48571601049682,Utilities
MAINE,11,363,3.03030303030303,5305280,16771327,31.6330365510135,0.207340611617106,Accomodation & Food Services
MAINE,1,363,0.275482093663912,21109,16771327,0.125863624267776,4.73731583684684,"Mining, Quarrying, & Oil and Gas Extraction"
MARYLAND,33,56,58.9285714285714,9898804,58301434,16.9786629948073,0.333373607559055,Transportation & Warehousing
MARYLAND,0,0,0,20925226,58301434,35.8914430818288,0,Accomodation & Food Services
MARYLAND,0,0,0,945030,58301434,1.6209378314777,0,Utilities
MARYLAND,18,56,32.1428571428572,15461054,58301434,26.5191658922146,0.116421558323255,Construction
MARYLAND,0,0,0,543440,58301434,0.932121155030252,0,"Agriculture, Forestry, Fishing & Hunting"
MARYLAND,0,0,0,112424,58301434,0.192832306663332,0,"Mining, Quarrying, & Oil and Gas Extraction"
MARYLAND,5,56,8.92857142857143,10415456,58301434,17.864836737978,0.0480055794004602,Manufacturing
MASSACHUSETTS,142,1026,13.8401559454191,10102211,78605172,12.8518400799377,1.40563288571185,Transportation & Warehousing
MASSACHUSETTS,50,1026,4.87329434697856,27545177,78605172,35.042448606308,0.181519980793734,Accomodation & Food Services
MASSACHUSETTS,30,1026,2.92397660818713,1462844,78605172,1.8610022251462,2.05079967515333,Utilities
MASSACHUSETTS,360,1026,35.0877192982456,15317723,78605172,19.4869149322643,2.35021876293232,Construction
MASSACHUSETTS,7,1026,0.682261208576998,927364,78605172,1.17977478632068,0.754827662061499,"Agriculture, Forestry, Fishing & Hunting"
MASSACHUSETTS,1,1026,0.0974658869395711,91041,78605172,0.115820623100984,1.09840621258554,"Mining, Quarrying, & Oil and Gas Extraction"
MASSACHUSETTS,436,1026,42.495126705653,23158812,78605172,29.4621987469222,1.88265270256523,Manufacturing
MICHIGAN,36,38,94.7368421052632,14882958,129383838,11.5029498506606,0.241887398996893,Transportation & Warehousing
MICHIGAN,0,0,0,34938579,129383838,27.0038202143919,0,Accomodation & Food Services
MICHIGAN,1,38,2.63157894736842,2995483,129383838,2.31519102099908,0.0333835979039107,"Agriculture, Forestry, Fishing & Hunting"
MICHIGAN,0,0,0,2143806,129383838,1.65693492567441,0,Utilities
MICHIGAN,0,0,0,16328788,129383838,12.6204232711044,0,Construction
MICHIGAN,1,38,2.63157894736842,57576199,129383838,44.5003022711384,0.00173682878927107,Manufacturing
MICHIGAN,0,0,0,518025,129383838,0.400378446031258,0,"Mining, Quarrying, & Oil and Gas Extraction"
MINNESOTA,30,35,85.7142857142857,10211713,78041542,13.0849708223346,0.293780289359875,Transportation & Warehousing
MINNESOTA,3,35,8.57142857142857,20975155,78041542,26.876909992373,0.0143026356658628,Accomodation & Food Services
MINNESOTA,0,0,0,2136586,78041542,2.73775472042826,0,"Agriculture, Forestry, Fishing & Hunting"
MINNESOTA,1,35,2.85714285714286,12301350,78041542,15.7625665571805,0.00812918907274405,Construction
MINNESOTA,0,0,0,1319177,78041542,1.69035229980463,0,Utilities
MINNESOTA,1,35,2.85714285714286,30546310,78041542,39.1410897544797,0.00327371784022358,Manufacturing
MINNESOTA,0,0,0,551251,78041542,0.706355853399206,0,"Mining, Quarrying, & Oil and Gas Extraction"
MISSISSIPPI,29,1101,2.63396911898274,895655,37788137,2.37020152647377,3.23785386114073,Utilities
MISSISSIPPI,748,1101,67.9382379654859,13870894,37788137,36.7070067518809,5.39258680803126,Manufacturing
MISSISSIPPI,78,1101,7.08446866485014,5296308,37788137,14.0157954862924,1.47272401831616,Transportation & Warehousing
MISSISSIPPI,28,1101,2.54314259763851,11795985,37788137,31.2161062610734,0.237368901367711,Accomodation & Food Services
MISSISSIPPI,28,1101,2.54314259763851,1153704,37788137,3.05308515209416,2.42696566883707,"Agriculture, Forestry, Fishing & Hunting"
MISSISSIPPI,177,1101,16.0762942779292,4410866,37788137,11.6726209603824,4.01281743766417,Construction
MISSISSIPPI,13,1101,1.18074477747502,364725,37788137,0.965183861802978,3.56432928919049,"Mining, Quarrying, & Oil and Gas Extraction"
MISSOURI,1005,1678,59.8927294398093,25923852,77163279,33.5960995125674,3.87673868837085,Manufacturing
MISSOURI,227,1678,13.5280095351609,11321256,77163279,14.6718181843983,2.00507788181806,Transportation & Warehousing
MISSOURI,52,1678,3.09892729439809,24168520,77163279,31.3212713524007,0.215155913560284,Accomodation & Food Services
MISSOURI,323,1678,19.2491060786651,12394896,77163279,16.063205401108,2.60591133640815,Construction
MISSOURI,27,1678,1.60905840286055,1723608,77163279,2.23371534016848,1.56648147374577,Utilities
MISSOURI,42,1678,2.50297973778308,1240015,77163279,1.60700143393336,3.38705580174433,"Agriculture, Forestry, Fishing & Hunting"
MISSOURI,2,1678,0.119189511323004,391132,77163279,0.506888775423865,0.511336326355297,"Mining, Quarrying, & Oil and Gas Extraction"
MONTANA,6,265,2.26415094339623,318288,13130800,2.4239802601517,1.8850852058513,Utilities
MONTANA,30,265,11.3207547169811,1445454,13130800,11.0081183172389,2.07547248131037,Transportation & Warehousing
MONTANA,16,265,6.0377358490566,5124244,13130800,39.0246138849118,0.312241181333286,Accomodation & Food Services
MONTANA,94,265,35.4716981132076,3071424,13130800,23.3909891248058,3.06046967139672,Construction
MONTANA,18,265,6.79245283018868,576860,13130800,4.39318244128309,3.12034115729987,"Agriculture, Forestry, Fishing & Hunting"
MONTANA,89,265,33.5849056603774,1965410,13130800,14.9679379778841,4.52831724678311,Manufacturing
MONTANA,12,265,4.52830188679245,629120,13130800,4.79117799372468,1.90742624618515,"Mining, Quarrying, & Oil and Gas Extraction"
NEBRASKA,100,891,11.2233445566779,4364752,28473111,15.3293821669153,2.29108091364641,Transportation & Warehousing
NEBRASKA,10,891,1.12233445566779,7232347,28473111,25.4006209577872,0.138267702033655,Accomodation & Food Services
NEBRASKA,503,891,56.4534231200898,9508932,28473111,33.396182103178,5.28976335092101,Manufacturing
NEBRASKA,6,891,0.673400673400673,747153,28473111,2.62406521015565,0.803048371618664,Utilities
NEBRASKA,211,891,23.6812570145904,5119482,28473111,17.9800584488291,4.12151073096848,Construction
NEBRASKA,54,891,6.06060606060606,1402156,28473111,4.92449174240216,3.85121199067721,"Agriculture, Forestry, Fishing & Hunting"
NEBRASKA,7,891,0.785634118967452,98289,28473111,0.345199370732619,7.12185493798899,"Mining, Quarrying, & Oil and Gas Extraction"
NEVADA,13,19,68.421052631579,7168138,51613340,13.8881498465319,0.181358115594315,Transportation & Warehousing
NEVADA,0,0,0,28479534,51613340,55.1786301758421,0,Accomodation & Food Services
NEVADA,1,19,5.26315789473684,414430,51613340,0.80295133002437,0.241295273025601,"Agriculture, Forestry, Fishing & Hunting"
NEVADA,0,0,0,508684,51613340,0.985566909640027,0,Utilities
NEVADA,5,19,26.3157894736842,8511714,51613340,16.4913063173203,0.0587425752322035,Construction
NEVADA,0,0,0,1387690,51613340,2.68862662249721,0,"Mining, Quarrying, & Oil and Gas Extraction"
NEVADA,0,0,0,5143150,51613340,9.96476879814405,0,Manufacturing
NEW HAMPSHIRE,31,284,10.9154929577465,1764929,16973141,10.3983640977236,1.75644459352189,Transportation & Warehousing
NEW HAMPSHIRE,5,284,1.76056338028169,197957,16973141,1.16629561964989,2.52580105780548,"Agriculture, Forestry, Fishing & Hunting"
NEW HAMPSHIRE,72,284,25.3521126760563,2697105,16973141,15.8904294732484,2.66952899497795,Construction
NEW HAMPSHIRE,156,284,54.9295774647887,6616527,16973141,38.9823368579805,2.35773238739901,Manufacturing
NEW HAMPSHIRE,9,284,3.16901408450704,197873,16973141,1.16580072009064,4.54837193553441,Utilities
NEW HAMPSHIRE,11,284,3.87323943661972,5444592,16973141,32.0776926321416,0.202035340756479,Accomodation & Food Services
NEW HAMPSHIRE,0,0,0,54158,16973141,0.31908059916547,0,"Mining, Quarrying, & Oil and Gas Extraction"
NEW JERSEY,264,1178,22.4108658743633,20950992,90750934,23.0862549579931,1.26008353208287,Transportation & Warehousing
NEW JERSEY,48,1178,4.07470288624788,28377425,90750934,31.2695679804243,0.169148539728323,Accomodation & Food Services
NEW JERSEY,37,1178,3.14091680814941,1791781,90750934,1.97439400458402,2.06498450424466,Utilities
NEW JERSEY,281,1178,23.8539898132428,15175543,90750934,16.7221893275501,1.85166356156086,Construction
NEW JERSEY,8,1178,0.67911714770798,1066014,90750934,1.17465898477695,0.750459187215177,"Agriculture, Forestry, Fishing & Hunting"
NEW JERSEY,4,1178,0.33955857385399,133353,90750934,0.146943942196782,2.99955756525912,"Mining, Quarrying, & Oil and Gas Extraction"
NEW JERSEY,536,1178,45.5008488964346,23255826,90750934,25.6259908024748,2.30479880611422,Manufacturing
NEW MEXICO,7,19,36.8421052631579,2379340,22116458,10.758232624772,0.294199231719721,Transportation & Warehousing
NEW MEXICO,2,19,10.5263157894737,8534193,22116458,38.5875215642577,0.0234351390928234,Accomodation & Food Services
NEW MEXICO,0,0,0,1046706,22116458,4.73270177349375,0,"Agriculture, Forestry, Fishing & Hunting"
NEW MEXICO,5,19,26.3157894736842,4788599,22116458,21.6517445967162,0.104414673268737,Construction
NEW MEXICO,1,19,5.26315789473684,2646515,22116458,11.9662696440813,0.0377855406071759,Manufacturing
NEW MEXICO,3,19,15.7894736842105,2119699,22116458,9.58426073469811,0.141529528484941,"Mining, Quarrying, & Oil and Gas Extraction"
NEW MEXICO,1,19,5.26315789473684,601406,22116458,2.7192690619809,0.166277024173354,Utilities
NEW YORK,951,2409,39.4769613947696,41382472,187320587,22.0917906903634,2.29807441179444,Manufacturing
NEW YORK,366,2409,15.1930261519303,34753404,187320587,18.5529015024921,1.05313424837463,Transportation & Warehousing
NEW YORK,88,2409,3.65296803652968,68004069,187320587,36.3035745772033,0.129404021397602,Accomodation & Food Services
NEW YORK,69,2409,2.86425902864259,3604976,187320587,1.92449535725617,1.9140210642179,Utilities
NEW YORK,862,2409,35.7824823578248,36565117,187320587,19.5200738934264,2.3574381014561,Construction
NEW YORK,65,2409,2.69821502698215,2569249,187320587,1.37157855479067,2.52992216791755,"Agriculture, Forestry, Fishing & Hunting"
NEW YORK,8,2409,0.33208800332088,441300,187320587,0.235585424468054,1.81282574212554,"Mining, Quarrying, & Oil and Gas Extraction"
NORTH CAROLINA,0,0,0,1395753,125891543,1.10869480724372,0,Utilities
NORTH CAROLINA,34,69,49.2753623188406,16079869,125891543,12.772795230574,0.211444508658622,Transportation & Warehousing
NORTH CAROLINA,2,69,2.89855072463768,39518746,125891543,31.3911046431451,0.00506088933085073,Accomodation & Food Services
NORTH CAROLINA,0,0,0,2589859,125891543,2.05721443893972,0,"Agriculture, Forestry, Fishing & Hunting"
NORTH CAROLINA,1,69,1.44927536231884,289409,125891543,0.229887562820642,0.345531756096044,"Mining, Quarrying, & Oil and Gas Extraction"
NORTH CAROLINA,23,69,33.3333333333333,21199882,125891543,16.839798365169,0.108491169903682,Construction
NORTH CAROLINA,9,69,13.0434782608696,44818025,125891543,35.6005049521079,0.0200812061664922,Manufacturing
NORTH DAKOTA,12,578,2.07612456747405,369195,12751367,2.89533663331939,3.25031487425344,Utilities
NORTH DAKOTA,38,578,6.57439446366782,1837669,12751367,14.4115450523854,2.06783702614562,Transportation & Warehousing
NORTH DAKOTA,5,578,0.865051903114187,3235005,12751367,25.3698681874657,0.154559266523545,Accomodation & Food Services
NORTH DAKOTA,145,578,25.0865051903114,2668716,12751367,20.9288619800528,5.43332449012934,Construction
NORTH DAKOTA,134,578,23.1833910034602,2472835,12751367,19.3927051115382,5.4188815671082,Manufacturing
NORTH DAKOTA,10,578,1.73010380622837,443474,12751367,3.47785457041586,2.2549236257368,"Agriculture, Forestry, Fishing & Hunting"
NORTH DAKOTA,234,578,40.484429065744,1724473,12751367,13.5238284648226,13.5693629300082,"Mining, Quarrying, & Oil and Gas Extraction"
OHIO,2796,4366,64.0403114979386,65504484,159346184,41.1082853418065,4.26841008319369,Manufacturing
OHIO,541,4366,12.3912047640861,23185133,159346184,14.5501651925345,2.33339183346501,Transportation & Warehousing
OHIO,85,4366,1.94686211635364,44270467,159346184,27.7825711847609,0.192001588779265,Accomodation & Food Services
OHIO,64,4366,1.46587265231333,1615271,159346184,1.01368665345635,3.96218343547306,"Agriculture, Forestry, Fishing & Hunting"
OHIO,43,4366,0.984883188273019,2712490,159346184,1.70226228950673,1.58525930049512,Utilities
OHIO,786,4366,18.0027485112231,21033719,159346184,13.2000142532437,3.73685699614034,Construction
OHIO,51,4366,1.16811726981219,1024620,159346184,0.643015084691328,4.97745505650876,"Mining, Quarrying, & Oil and Gas Extraction"
OKLAHOMA,556,1251,44.4444444444444,12943579,48230672,26.8368207683277,4.2955661645052,Manufacturing
OKLAHOMA,122,1251,9.75219824140687,6211017,48230672,12.8777326594164,1.96425158713943,Transportation & Warehousing
OKLAHOMA,24,1251,1.91846522781775,14577877,48230672,30.2253242500955,0.164633025782835,Accomodation & Food Services
OKLAHOMA,44,1251,3.5171862509992,979281,48230672,2.03041127023899,4.49309238104283,"Agriculture, Forestry, Fishing & Hunting"
OKLAHOMA,29,1251,2.31814548361311,1477112,48230672,3.06259883751983,1.96329052908649,Utilities
OKLAHOMA,294,1251,23.5011990407674,8007641,48230672,16.602797904205,3.67149326499527,Construction
OKLAHOMA,182,1251,14.5483613109512,4034165,48230672,8.36431431019663,4.51146643729248,"Mining, Quarrying, & Oil and Gas Extraction"
OREGON,6,29,20.6896551724138,5297089,58774592,9.01254916410138,0.113269760051228,"Agriculture, Forestry, Fishing & Hunting"
OREGON,2,29,6.89655172413793,798715,58774592,1.35894605614617,0.250402208547479,Utilities
OREGON,8,29,27.5862068965517,18220566,58774592,31.0007528423166,0.0439064296904937,Manufacturing
OREGON,6,29,20.6896551724138,7237392,58774592,12.3138107024205,0.0829027915027955,Transportation & Warehousing
OREGON,3,29,10.3448275862069,10380555,58774592,17.6616368515157,0.0289001888627342,Construction
OREGON,3,29,10.3448275862069,16668418,58774592,28.3599042252816,0.0179981087587316,Accomodation & Food Services
OREGON,1,29,3.44827586206897,171857,58774592,0.292400158218027,0.581879120431522,"Mining, Quarrying, & Oil and Gas Extraction"
PENNSYLVANIA,2394,4313,55.5066079295154,53791889,158630611,33.9101568486047,4.45048509079129,Manufacturing
PENNSYLVANIA,631,4313,14.6301878043125,29456673,158630611,18.5693497707072,2.14212922145009,Transportation & Warehousing
PENNSYLVANIA,135,4313,3.13007187572455,42466470,158630611,26.7706653415084,0.317897861536407,Accomodation & Food Services
PENNSYLVANIA,73,4313,1.69255738465105,2425026,158630611,1.52872512102976,3.01027700321564,"Agriculture, Forestry, Fishing & Hunting"
PENNSYLVANIA,924,4313,21.4236030605147,24725023,158630611,15.5865395992202,3.73710471371452,Construction
PENNSYLVANIA,61,4313,1.41432877347554,3313552,158630611,2.08884778234889,1.8409247840384,Utilities
PENNSYLVANIA,95,4313,2.20264317180617,2451978,158630611,1.54571553658077,3.87442301684599,"Mining, Quarrying, & Oil and Gas Extraction"
RHODE ISLAND,78,160,48.75,3221861,11010542,29.2616021990562,2.42096105325463,Manufacturing
RHODE ISLAND,20,160,12.5,1347809,11010542,12.2410776871838,1.48388977963495,Transportation & Warehousing
RHODE ISLAND,53,160,33.125,1717471,11010542,15.5984237651516,3.08593274646268,Construction
RHODE ISLAND,2,160,1.25,113872,11010542,1.03420885184399,1.75635801601799,Utilities
RHODE ISLAND,0,0,0,43587,11010542,0.395866070898236,0,"Agriculture, Forestry, Fishing & Hunting"
RHODE ISLAND,0,0,0,6433,11010542,0.0584258249957177,0,"Mining, Quarrying, & Oil and Gas Extraction"
RHODE ISLAND,7,160,4.375,4559509,11010542,41.4103956008705,0.153525302834143,Accomodation & Food Services
SOUTH CAROLINA,10,48,20.8333333333333,23732027,64745720,36.6542020074841,0.0421371507794088,Manufacturing
SOUTH CAROLINA,29,48,60.4166666666667,7369788,64745720,11.3826643676215,0.393498428991445,Transportation & Warehousing
SOUTH CAROLINA,0,0,0,21284766,64745720,32.8743984930587,0,Accomodation & Food Services
SOUTH CAROLINA,1,48,2.08333333333333,1447215,64745720,2.2352288305698,0.0690982335036605,Utilities
SOUTH CAROLINA,1,48,2.08333333333333,1019497,64745720,1.57461682409277,0.0980875863293369,"Agriculture, Forestry, Fishing & Hunting"
SOUTH CAROLINA,0,0,0,166793,64745720,0.257612395074145,0,"Mining, Quarrying, & Oil and Gas Extraction"
SOUTH CAROLINA,7,48,14.5833333333333,9725634,64745720,15.021277082099,0.0719747422121787,Construction
SOUTH DAKOTA,19,352,5.39772727272727,1226064,12389655,9.89586877116433,1.54967440525128,Transportation & Warehousing
SOUTH DAKOTA,7,352,1.98863636363636,3817086,12389655,30.8086544782724,0.183385965105319,Accomodation & Food Services
SOUTH DAKOTA,21,352,5.96590909090909,577293,12389655,4.65947599025154,3.63766752758132,"Agriculture, Forestry, Fishing & Hunting"
SOUTH DAKOTA,106,352,30.1136363636364,2278777,12389655,18.3925783244166,4.65161795120804,Construction
SOUTH DAKOTA,12,352,3.40909090909091,210773,12389655,1.70120152659618,5.69332884192947,Utilities
SOUTH DAKOTA,185,352,52.5568181818182,4191520,12389655,33.8308048125634,4.41367332137268,Manufacturing
SOUTH DAKOTA,2,352,0.568181818181818,88142,12389655,0.711416096735543,2.2690658255996,"Mining, Quarrying, & Oil and Gas Extraction"
TENNESSEE,13,59,22.0338983050847,2128347,94414621,2.25425572592194,0.610802655769947,Utilities
TENNESSEE,10,59,16.9491525423729,12500770,94414621,13.2402903995134,0.0799950723035461,Construction
TENNESSEE,5,59,8.47457627118644,33331944,94414621,35.3037947374697,0.0150006252260594,Manufacturing
TENNESSEE,30,59,50.8474576271187,17715791,94414621,18.7638215483596,0.16934044886847,Transportation & Warehousing
TENNESSEE,0,0,0,27659532,94414621,29.2958142574125,0,Accomodation & Food Services
TENNESSEE,1,59,1.69491525423729,329978,94414621,0.349498834507846,0.303050506397396,"Mining, Quarrying, & Oil and Gas Extraction"
TENNESSEE,0,0,0,748259,94414621,0.792524496814958,0,"Agriculture, Forestry, Fishing & Hunting"
TEXAS,3416,9222,37.0418564302754,84612119,360612912,23.4634191356964,4.03724672112277,Manufacturing
TEXAS,1106,9222,11.9930600737367,54902861,360612912,15.2248738669679,2.01446696921678,Transportation & Warehousing
TEXAS,263,9222,2.85187594881804,112708639,360612912,31.2547430359343,0.233345023357083,Accomodation & Food Services
TEXAS,2781,9222,30.1561483409239,73405900,360612912,20.3558712284822,3.78852381075636,Construction
TEXAS,251,9222,2.72175233138148,5725148,360612912,1.58761591986479,4.38416613858716,"Agriculture, Forestry, Fishing & Hunting"
TEXAS,1215,9222,13.1750162654522,21240072,360612912,5.88999209213008,5.72031959213698,"Mining, Quarrying, & Oil and Gas Extraction"
TEXAS,190,9222,2.06029060941228,8018173,360612912,2.22348472092425,2.36961711851316,Utilities
UTAH,13,21,61.9047619047619,6701761,43363504,15.4548419334379,0.193978866151747,Transportation & Warehousing
UTAH,0,0,0,11628714,43363504,26.8168227364652,0,Accomodation & Food Services
UTAH,2,21,9.52380952380952,12908623,43363504,29.768403863304,0.015493519332,Manufacturing
UTAH,3,21,14.2857142857143,556309,43363504,1.28289678804554,0.53926864386519,"Agriculture, Forestry, Fishing & Hunting"
UTAH,0,0,0,392288,43363504,0.904650140818878,0,Utilities
UTAH,3,21,14.2857142857143,10291375,43363504,23.7328030502332,0.0291506237018863,Construction
UTAH,0,0,0,884434,43363504,2.03958148769528,0,"Mining, Quarrying, & Oil and Gas Extraction"
VERMONT,6,7,85.7142857142857,855980,8624242,9.9252780708148,0.700950956798056,Transportation & Warehousing
VERMONT,0,0,0,161491,8624242,1.87252398529633,0,Utilities
VERMONT,0,0,0,1507592,8624242,17.4808638254817,0,Construction
VERMONT,1,7,14.2857142857143,324715,8624242,3.76514249020378,0.307962366998753,"Agriculture, Forestry, Fishing & Hunting"
VERMONT,0,0,0,60152,8624242,0.697475789756363,0,"Mining, Quarrying, & Oil and Gas Extraction"
VERMONT,0,0,0,2835670,8624242,32.8802229807559,0,Manufacturing
VERMONT,0,0,0,2878642,8624242,33.3784928576911,0,Accomodation & Food Services
VIRGINIA,116,200,58,23714915,92356200,25.6776643040749,0.489143646519501,Manufacturing
VIRGINIA,52,200,26,13581774,92356200,14.7058605702703,0.382866037971181,Transportation & Warehousing
VIRGINIA,0,0,0,31686483,92356200,34.3089938737194,0,Accomodation & Food Services
VIRGINIA,26,200,13,19805377,92356200,21.4445559691715,0.13127748085785,Construction
VIRGINIA,1,200,0.5,1772586,92356200,1.91929291157497,0.0564147522320497,Utilities
VIRGINIA,4,200,2,1245815,92356200,1.34892405707467,0.321074958962607,"Agriculture, Forestry, Fishing & Hunting"
VIRGINIA,1,200,0.5,549250,92356200,0.594708314114266,0.182066454255803,"Mining, Quarrying, & Oil and Gas Extraction"
WASHINGTON,4,88,4.54545454545455,1852664,96553844,1.91878844305774,0.215905312566121,Utilities
WASHINGTON,32,88,36.3636363636364,28013852,96553844,29.0137096975652,0.114229203466913,Manufacturing
WASHINGTON,38,88,43.1818181818182,12602296,96553844,13.0520914320097,0.301532355691376,Transportation & Warehousing
WASHINGTON,0,0,0,25308363,96553844,26.2116576114774,0,Accomodation & Food Services
WASHINGTON,4,88,4.54545454545455,9765452,96553844,10.1139960828489,0.0409607256274466,"Agriculture, Forestry, Fishing & Hunting"
WASHINGTON,10,88,11.3636363636364,18793516,96553844,19.4642856477055,0.0532098410962589,Construction
WASHINGTON,0,0,0,217701,96553844,0.225471085335556,0,"Mining, Quarrying, & Oil and Gas Extraction"
WEST VIRGINIA,41,527,7.77988614800759,2557505,19277511,13.2667801356721,1.60312492057689,Transportation & Warehousing
WEST VIRGINIA,134,527,25.426944971537,3508498,19277511,18.1999533031002,3.81929817260834,Construction
WEST VIRGINIA,13,527,2.46679316888046,551787,19277511,2.86233528799439,2.3559815653504,Utilities
WEST VIRGINIA,20,527,3.79506641366224,6102636,19277511,31.6567631578579,0.327727231314468,Accomodation & Food Services
WEST VIRGINIA,8,527,1.5180265654649,170557,19277511,0.884745961239498,4.69051402170535,"Agriculture, Forestry, Fishing & Hunting"
WEST VIRGINIA,61,527,11.5749525616698,1942228,19277511,10.0750973504826,3.14072292233456,"Mining, Quarrying, & Oil and Gas Extraction"
WEST VIRGINIA,250,527,47.438330170778,4444300,19277511,23.0543248036533,5.6251828184416,Manufacturing
WISCONSIN,165,2462,6.70186839967506,10982785,94037454,11.6791603056374,1.50235117959607,Transportation & Warehousing
WISCONSIN,39,2462,1.58407798537774,22076219,94037454,23.4759854302308,0.176660686324954,Accomodation & Food Services
WISCONSIN,52,2462,2.11210398050366,2686526,94037454,2.8568680730127,1.93558521302232,"Agriculture, Forestry, Fishing & Hunting"
WISCONSIN,2,2462,0.0812347684809098,313425,94037454,0.333298049519716,0.63811119087501,"Mining, Quarrying, & Oil and Gas Extraction"
WISCONSIN,20,2462,0.812347684809098,1092196,94037454,1.16144786310357,1.8311731593963,Utilities
WISCONSIN,396,2462,16.0844841592201,11822375,94037454,12.5719854133865,3.3495807737447,Construction
WISCONSIN,1788,2462,72.6238830219334,45063928,94037454,47.9212548651094,3.9676967351803,Manufacturing
WYOMING,0,0,0,250361,9505049,2.63397905681496,0,Utilities
WYOMING,5,10,50,1075008,9505049,11.3098627897657,0.465112817765077,Transportation & Warehousing
WYOMING,0,0,0,3126813,9505049,32.8963375149355,0,Accomodation & Food Services
WYOMING,3,10,30,260759,9505049,2.74337354810059,1.15048761500082,"Agriculture, Forestry, Fishing & Hunting"
WYOMING,1,10,10,2046648,9505049,21.5322193499476,0.0488603804855549,Construction
WYOMING,1,10,10,1813309,9505049,19.0773240621905,0.0551477988583303,"Mining, Quarrying, & Oil and Gas Extraction"
WYOMING,0,0,0,932151,9505049,9.80690367824511,0,Manufacturing
PUERTO RICO,6,8,75,1941625,20562705,9.44245905390366,0.30901950685637,Transportation & Warehousing
PUERTO RICO,0,0,0,7107441,20562705,34.5647180174009,0,Accomodation & Food Services
PUERTO RICO,0,0,0,800352,20562705,3.89225055750204,0,Utilities
PUERTO RICO,2,8,25,2520094,20562705,12.2556541077645,0.0793621190320679,Construction
PUERTO RICO,0,0,0,951002,20562705,4.62488763029961,0,"Agriculture, Forestry, Fishing & Hunting"
PUERTO RICO,0,0,0,52548,20562705,0.255550035853746,0,"Mining, Quarrying, & Oil and Gas Extraction"
PUERTO RICO,0,0,0,7189643,20562705,34.9644805972755,0,Manufacturing
VIRGIN ISLANDS,1,12,8.33333333333333,137237,1003607,13.6743765238784,0.728666467497832,Transportation & Warehousing
VIRGIN ISLANDS,0,0,0,57217,1003607,5.7011360024392,0,Utilities
VIRGIN ISLANDS,0,0,0,555,1003607,0.0553005309847381,0,"Agriculture, Forestry, Fishing & Hunting"
VIRGIN ISLANDS,0,0,0,7049,1003607,0.702366563804358,0,"Mining, Quarrying, & Oil and Gas Extraction"
VIRGIN ISLANDS,10,12,83.3333333333333,225027,1003607,22.4218244791039,4.44391117510343,Construction
VIRGIN ISLANDS,1,12,8.33333333333333,61210,1003607,6.09900090374021,1.63371998039536,Manufacturing
VIRGIN ISLANDS,0,0,0,515312,1003607,51.3459949960493,0,Accomodation & Food Services
